ID,age,sex,city,province,country,latitude,longitude,date_onset_symptoms,date_admission_hospital,date_confirmation,symptoms
193.0,56,male,Hong Kong,Hong Kong,China,22.38074,114.1324,01.18.2020,01.21.2020,01.22.2020,fever
6245.0,25,male,To Kwa Wan,Hong Kong,China,22.319557999999997,114.15,01.28.2020,02.03.2020,02.04.2020,cough; diarrhoea; runny nose
192.0,39,male,Hong Kong,Hong Kong,China,22.38074,114.1324,01.21.2020,01.21.2020,01.22.2020,cough; fever
12543.0,55,Female,Hong Kong,Hong Kong,China,22.38074,114.1324,02.17.2020,02.24.2020,02.24.2020,fever
12542.0,33,Male,Hong Kong,Hong Kong,China,22.36,114.1324,02.20.2020,02.24.2020,02.24.2020,fever; cough
12540.0,80,Male,Hong Kong,Hong Kong,China,22.38074,114.15,02.25.2020,02.25.2020,02.25.2020,fever
12539.0,16,Male,Hong Kong,Hong Kong,China,22.38074,114.1324,02.17.2020,02.27.2020,02.27.2020,cough
12538.0,21,Female,Hong Kong,Hong Kong,China,22.38074,114.1324,02.12.2020,02.27.2020,02.27.2020,fever
241.0,27,male,Xiangdong District Pingxiang City,Jiangxi,China,25.71368,115.2745,01.21.2020,01.21.2020,01.24.2020,cough
232.0,50,male,Xiangdong District Pingxiang City,Jiangxi,China,27.506990000000002,113.7218,01.10.2020,01.10.2020,01.21.2020,cough
242.0,40,female,Xiangdong District Pingxiang City,Jiangxi,China,26.61,115.2745,01.22.2020,01.22.2020,01.24.2020,cough; fever
255.0,42,male,Shenyang City,Liaoning,China,41.51421,120.0166,01.19.2020,01.22.2020,01.23.2020,cough
254.0,50,female,Shenyang City,Liaoning,China,42.100120000000004,123.1391,01.16.2020,01.22.2020,01.23.2020,pharynx
253.0,40,male,Shenyang City,Liaoning,China,42.100120000000004,123.1391,01.14.2020,01.19.2020,01.22.2020,cough; fever; soreness
252.0,33,male,Dalian City,Liaoning,China,39.59944,122.2224,01.11.2020,01.17.2020,01.22.2020,cough; fever
3020.0,33,male,Seoul,Seoul,South Korea,37.56667,126.9667,01.26.2020,01.29.2020,01.30.2020,cough
4877.0,28,male,Seoul,Seoul,South Korea,37.56667,126.9667,01.26.2020,01.29.2020,01.30.2020,cough; fever
682.0,54,male,Seoul,Seoul,South Korea,37.57,126.9667,01.22.2020,01.25.2020,01.26.2020,chills; fever
261.0,32,female,Xi'an City,Shaanxi,China,34.10727,108.7872,01.16.2020,01.20.2020,01.23.2020,fever
262.0,42,male,Xianyang City,Shaanxi,China,34.78867,108.3897,01.20.2020,01.21.2020,01.23.2020,pneumonitis
601.0,64,female,Xi'an City,Shaanxi,China,33.65,108.7872,01.10.2020,01.20.2020,01.25.2020,pneumonitis
603.0,28,male,Xi'an City,Shaanxi,China,32.761829999999996,108.9258,01.21.2020,01.23.2020,01.25.2020,pneumonitis
604.0,41,male,Ankang City,Shaanxi,China,32.761829999999996,108.70,01.14.2020,01.23.2020,01.25.2020,pneumonia
260.0,22,male,Xi'an City,Shaanxi,China,34.10727,108.7872,01.20.2020,01.21.2020,01.23.2020,fever
1017.0,44,male,Hanzhong City,Shaanxi,China,33.0928,107.1014,01.18.2020,01.24.2020,01.26.2020,pneumonitis
1394.0,39,male,Ankang City,Shaanxi,China,32.761829999999996,108.9258,01.23.2020,01.23.2020,01.27.2020,pneumonia
6231.0,33,male,Xianyang City,Shaanxi,China,34.78867,108.70,01.27.2020,02.01.2020,02.04.2020,pneumonitis
1844.0,25,male,Ankang City,Shaanxi,China,32.761829999999996,108.9258,01.22.2020,01.25.2020,01.28.2020,pneumonitis
1843.0,70,male,Xi'an City,Shaanxi,China,34.10727,108.7872,01.25.2020,01.26.2020,01.28.2020,pneumonitis
1842.0,64,male,Hanzhong City,Shaanxi,China,33.0928,107.1014,01.22.2020,01.25.2020,01.28.2020,pneumonitis
1841.0,32,female,Shangluo City,Shaanxi,China,33.65,109.9016,01.25.2020,01.26.2020,01.28.2020,pneumonitis
1840.0,36,male,Weinan City,Shaanxi,China,34.955529999999996,109.8585,01.20.2020,01.26.2020,01.28.2020,pneumonitis
1838.0,50,male,Baoji City,Shaanxi,China,34.38244,108.70,01.22.2020,01.25.2020,01.28.2020,pneumonitis
1837.0,46,female,Baoji City,Shaanxi,China,34.38244,107.2001,01.18.2020,01.18.2020,01.28.2020,pneumonitis
1836.0,25,male,Xi'an City,Shaanxi,China,33.65,108.7872,01.21.2020,01.22.2020,01.28.2020,pneumonitis
1834.0,36,male,Xi'an City,Shaanxi,China,33.65,108.7872,01.25.2020,01.25.2020,01.28.2020,pneumonitis
1839.0,36,female,Xi'an City,Shaanxi,China,33.65,109.8585,01.20.2020,01.26.2020,01.28.2020,pneumonitis
1397.0,27,male,Ankang City,Shaanxi,China,32.761829999999996,108.9258,01.22.2020,01.24.2020,01.27.2020,pneumonitis
1395.0,41,female,Xi'an City,Shaanxi,China,32.761829999999996,108.70,01.22.2020,01.22.2020,01.27.2020,pneumonia
267.0,65,male,Linyi City,Shandong,China,37.12,118.2809,01.21.2020,01.21.2020,01.22.2020,fever
266.0,62,female,Linyi City,Shandong,China,37.12,118.2809,01.21.2020,01.21.2020,01.22.2020,fever
265.0,38,male,Weihai City,Shandong,China,37.12174,118.28,01.20.2020,01.20.2020,01.22.2020,fever
305.0,36,male,Dazhou City,Sichuan,China,30.70,107.6465,01.18.2020,01.20.2020,01.23.2020,fever
301.0,28,female,Chengdu City,Sichuan,China,30.70291,103.8256,01.19.2020,01.19.2020,01.22.2020,fever
303.0,50,male,Chengdu City,Sichuan,China,30.70291,103.8256,01.18.2020,01.18.2020,01.23.2020,cough; dyspnea; fever
304.0,48,male,Chengdu City,Sichuan,China,30.70291,105.10,01.18.2020,01.18.2020,01.23.2020,fever
5781.0,36,female,Tianjin City,Tianjin,China,39.297129999999996,117.3333,01.27.2020,02.01.2020,02.03.2020,cough; fever
5783.0,46,female,Tianjin City,Tianjin,China,39.297129999999996,117.3333,01.31.2020,01.31.2020,02.03.2020,fever
5784.0,43,male,Tianjin City,Tianjin,China,39.33,117.3333,01.27.2020,01.27.2020,02.03.2020,fever
6179.0,29,male,Tianjin City,Tianjin,China,39.297129999999996,117.35,02.01.2020,02.02.2020,02.03.2020,fever
6180.0,69,female,Tianjin City,Tianjin,China,39.33,117.3333,01.26.2020,02.02.2020,02.03.2020,fever
6181.0,9,male,Tianjin City,Tianjin,China,39.297129999999996,117.3333,02.02.2020,02.02.2020,02.03.2020,fever
6182.0,61,male,Tianjin City,Tianjin,China,39.297129999999996,117.3333,01.25.2020,01.25.2020,02.03.2020,fever
6264.0,51,female,Baodi District,Tianjin,China,39.33,117.4002,02.02.2020,02.05.2020,02.07.2020,cough; high fever; myalgia
6265.0,65,male,Tianjin City,Tianjin,China,39.60828,117.4002,02.04.2020,02.05.2020,02.07.2020,fever; myalgia
5779.0,42,female,Tianjin City,Tianjin,China,39.297129999999996,117.35,01.31.2020,02.02.2020,02.03.2020,fever
313.0,29,female,Tianjin City,Tianjin,China,39.297129999999996,117.35,01.24.2020,01.24.2020,01.24.2020,fever
5780.0,66,female,Tianjin City,Tianjin,China,39.297129999999996,117.3333,02.02.2020,02.02.2020,02.03.2020,fever
5782.0,37,female,Tianjin City,Tianjin,China,39.297129999999996,117.3333,01.30.2020,01.31.2020,02.03.2020,fever
10945.0,69,female,Kunming City,Yunnan,China,25.39236,101.46,01.28.2020,02.07.2020,02.10.2020,cough
320.0,39,female,Xishuangbanna Prefecture,Yunnan,China,21.93139,101.46,01.18.2020,01.22.2020,01.24.2020,systemic weakness; runny nose; fever
319.0,53,male,Kunming City,Yunnan,China,25.39236,102.8739,01.16.2020,01.22.2020,01.23.2020,cough; fever
10950.0,43,male,Dali Prefecture,Yunnan,China,25.73038,100.037,01.21.2020,02.07.2020,02.10.2020,Sore throat
7163.0,22,female,Qujing City,Yunnan,China,25.70936,101.46,01.26.2020,01.31.2020,02.04.2020,cough
11816.0,44,female,Nagoya City,Aichi Prefecture,Japan,35.18333,136.9,02.19.2020,02.21.2020,02.22.2020,fever
11814.0,64,male,Nagoya City,Aichi Prefecture,Japan,35.18333,136.9,02.19.2020,02.21.2020,02.22.2020,fever
11813.0,64,male,Nagoya City,Aichi Prefecture,Japan,35.18333,136.9,02.19.2020,02.21.2020,02.22.2020,fever
8504.0,64,male,Nagoya City,Aichi Prefecture,Japan,35.2188941,136.9996761,02.17.2020,02.18.2020,02.18.2020,fever
8501.0,60,female,Nagoya City,Aichi Prefecture,Japan,35.18333,136.9,02.13.2020,02.14.2020,02.15.2020,fever; headache
11815.0,64,female,Nagoya City,Aichi Prefecture,Japan,35.18333,136.9,02.19.2020,02.21.2020,02.22.2020,fever
889.0,46,female,Bozhou City,Anhui,China,32.20,118.35600000000001,01.19.2020,01.22.2020,01.26.2020,fever
888.0,47,female,Ma'anshan City,Anhui,China,31.62885,118.35600000000001,01.22.2020,01.24.2020,01.26.2020,fever
887.0,55,male,Bozhou City,Anhui,China,31.62885,117.10,01.18.2020,01.24.2020,01.26.2020,fever
886.0,47,male,Ma'anshan City,Anhui,China,31.62885,117.10,01.22.2020,01.23.2020,01.25.2020,fever
885.0,54,female,Ma'anshan City,Anhui,China,32.20,117.10,01.18.2020,01.22.2020,01.25.2020,fever
884.0,48,female,Ma'anshan City,Anhui,China,32.20,118.35600000000001,01.19.2020,01.23.2020,01.25.2020,fever
479.0,25,female,Bozhou City,Anhui,China,33.43671,116.1808,01.21.2020,01.23.2020,01.25.2020,fever; pharyngalgia
478.0,35,male,Bozhou City,Anhui,China,33.43671,116.1808,01.19.2020,01.22.2020,01.25.2020,fever
477.0,60,male,Bozhou City,Anhui,China,33.43671,117.10,01.18.2020,01.22.2020,01.25.2020,fever
476.0,59,male,Bozhou City,Anhui,China,33.43671,116.1808,01.19.2020,01.21.2020,01.25.2020,cough; fever
474.0,51,male,Bozhou City,Anhui,China,32.20,117.10,01.18.2020,01.21.2020,01.25.2020,fever
472.0,22,male,Fuyang City,Anhui,China,32.20,115.7036,01.21.2020,01.23.2020,01.25.2020,fever; sore throat
471.0,43,male,Fuyang City,Anhui,China,32.9188,115.7036,01.23.2020,01.23.2020,01.25.2020,fever
466.0,25,female,Bozhou City,Anhui,China,32.9188,115.7036,01.22.2020,01.22.2020,01.24.2020,fever
883.0,43,male,Bozhou City,Anhui,China,32.20,118.35600000000001,01.22.2020,01.22.2020,01.25.2020,fever
1296.0,44,female,Bengbu City,Anhui,China,33.10901,117.32600000000001,01.24.2020,01.24.2020,01.27.2020,fever
7.0,42,female,Bozhou City,Anhui,China,32.20,117.10,01.21.2020,01.21.2020,01.22.2020,fever
6749.0,36,male,Luyang District Hefei City,Anhui,China,32.20,117.1894,01.26.2020,02.01.2020,02.05.2020,cough; fever
4155.0,35,male,Hefei City,Anhui,China,31.79444,117.3428,01.30.2020,01.30.2020,01.31.2020,physical discomfort
4154.0,32,male,Hefei City,Anhui,China,31.79444,117.3428,01.24.2020,01.28.2020,01.31.2020,fever
4153.0,27,female,Bozhou City,Anhui,China,32.2842,117.10,01.28.2020,01.29.2020,01.31.2020,cough; fever
4152.0,45,female,Feidong County Hefei City,Anhui,China,32.00123,117.5681,01.25.2020,01.30.2020,01.31.2020,fever
4151.0,51,female,Lujiang County Hefei City,Anhui,China,31.269679999999997,117.32,01.24.2020,01.29.2020,01.31.2020,chills; headache; fever
4150.0,37,male,Yaohai District Hefei City,Anhui,China,32.20,117.10,01.20.2020,01.23.2020,01.31.2020,fever; pharyngeal discomfort
6739.0,55,female,Bozhou City,Anhui,China,31.72762,117.0201,02.03.2020,02.05.2020,02.05.2020,chest tightness; fever
1297.0,53,male,Bengbu City,Anhui,China,32.20,117.32600000000001,01.14.2020,01.19.2020,01.27.2020,fever
6740.0,48,female,Yaohai District Hefei City,Anhui,China,31.89544,117.3384,01.30.2020,02.03.2020,02.05.2020,fever; joint pain; muscle soreness
6742.0,35,male,Shushan District Hefei City,Anhui,China,32.20,117.2001,01.29.2020,02.03.2020,02.05.2020,fever
6743.0,29,male,Shushan District Hefei City,Anhui,China,31.82562,117.2001,02.01.2020,02.04.2020,02.05.2020,fever
6744.0,51,male,Lujiang County Hefei City,Anhui,China,31.269679999999997,117.32,02.02.2020,02.03.2020,02.05.2020,fever
6745.0,35,male,Luyang District Hefei City,Anhui,China,31.92046,117.1894,01.24.2020,02.03.2020,02.05.2020,chills; fever
6746.0,28,female,Bozhou City,Anhui,China,31.8947345,117.3260293,01.29.2020,02.02.2020,02.05.2020,cough; fever
6747.0,78,female,Xinzhan District Hefei City,Anhui,China,31.8947345,117.10,01.22.2020,01.30.2020,02.05.2020,chest pain; nasal congestion
6748.0,38,female,Xinzhan District Hefei City,Anhui,China,32.20,117.3260293,01.30.2020,02.03.2020,02.05.2020,cough; muscle soreness; sweating
6741.0,43,female,Xinzhan District Hefei City,Anhui,China,31.8947345,117.3260293,02.03.2020,02.04.2020,02.05.2020,fever
1511.0,28,male,Huainan City,Anhui,China,32.75738,116.734,01.22.2020,01.25.2020,01.26.2020,dry cough
475.0,38,male,Bozhou City,Anhui,China,32.20,116.1808,01.20.2020,01.22.2020,01.25.2020,fever
15.0,45,male,Bengbu City,Anhui,China,33.10901,117.32600000000001,01.21.2020,01.21.2020,01.27.2020,fever
14.0,38,female,Chizhou City,Anhui,China,30.28525,117.3658,01.22.2020,01.22.2020,01.23.2020,cough
9.0,59,female,Bozhou City,Anhui,China,32.20,116.734,01.19.2020,01.24.2020,01.26.2020,fever
23.0,32,female,Haidian District,Beijing,China,40.02186,116.32,01.17.2020,01.20.2020,01.21.2020,respiratory symptoms
24.0,45,male,Shijingshan District,Beijing,China,39.92715,116.1737,01.19.2020,01.21.2020,01.22.2020,fever
25.0,45,male,Shijingshan District,Beijing,China,39.92,116.1737,01.19.2020,01.21.2020,01.23.2020,fever
26.0,18,female,Tongzhou District,Beijing,China,39.80292,116.7363,01.19.2020,01.20.2020,01.21.2020,fever; respiratory symptoms
27.0,56,female,Haidian District,Beijing,China,39.91093,116.3591,01.16.2020,01.20.2020,01.21.2020,fever; respiratory symptoms
28.0,42,male,Haidian District,Beijing,China,39.91093,116.32,01.20.2020,01.20.2020,01.22.2020,fever
22.0,39,male,Haidian District,Beijing,China,40.02186,116.2285,01.09.2020,01.14.2020,01.21.2020,fever
21.0,37,male,Haidian District,Beijing,China,39.8306,116.2499,01.14.2020,01.20.2020,01.21.2020,fever
89.0,43,male,Lanzhou City,Gansu,China,36.351259999999996,103.6554,01.18.2020,01.21.2020,01.23.2020,discomfort; fever
90.0,24,male,Baiyin City,Gansu,China,36.61864,104.6208,01.16.2020,01.22.2020,01.23.2020,cough; fever; headache; muscular soreness; weak
8904.0,42,female,Longxi County Dingxi City,Gansu,China,35.10665,104.92,01.28.2020,02.04.2020,02.05.2020,fever
8905.0,26,female,Longxi County Dingxi City,Gansu,China,35.10665,104.6236,02.01.2020,02.04.2020,02.05.2020,fever; cough
8906.0,37,male,Baiyin District Baiyin City,Gansu,China,36.56493,104.92,01.24.2020,01.29.2020,02.05.2020,fever
8907.0,24,male,Ningxian County Qingyang City,Gansu,China,35.48,108.1031,02.01.2020,02.01.2020,02.05.2020,fever; runny nose
8915.0,29,female,Longxi County Dingxi City,Gansu,China,35.48,104.92,01.24.2020,02.04.2020,02.07.2020,headache; dry mouth
8914.0,54,female,Longxi County Dingxi City,Gansu,China,35.10665,104.6236,01.21.2020,02.04.2020,02.07.2020,dry throat; sore throat; fatigue
4280.0,31,male,Chengguan District Lanzhou City,Gansu,China,35.48,103.8756,01.19.2020,01.30.2020,02.01.2020,discomfort
4281.0,66,female,Chengguan District Lanzhou City,Gansu,China,35.48,103.8756,01.24.2020,01.28.2020,02.01.2020,fever
4283.0,32,male,Chengguan District Lanzhou City,Gansu,China,35.13411,104.92,01.24.2020,01.28.2020,02.01.2020,fever
4284.0,60,male,Gannan Prefecture,Gansu,China,34.33256,102.7657,01.28.2020,01.30.2020,02.01.2020,fever; cough
5120.0,26,male,Chengguan District Lanzhou City,Gansu,China,36.07809,103.8756,01.26.2020,01.30.2020,02.02.2020,fever
5121.0,73,female,Xigu District Lanzhou City,Gansu,China,36.12968,103.51899999999999,01.28.2020,01.31.2020,02.02.2020,fever
5122.0,44,male,Xigu District Lanzhou City,Gansu,China,36.12968,103.51899999999999,01.23.2020,01.26.2020,02.02.2020,cough; fever; sputum
5123.0,36,male,Ningxian County Qingyang City,Gansu,China,35.565909999999995,108.1031,01.24.2020,01.28.2020,02.02.2020,cough; fever
5124.0,38,female,Linxia City Linxia Prefecture,Gansu,China,35.58106,103.1937,01.27.2020,02.01.2020,02.02.2020,cough; fever
5126.0,64,female,Maiji District Tianshui City,Gansu,China,34.415,104.92,01.23.2020,01.30.2020,02.02.2020,cough; sputum
5127.0,59,male,Maiji District Tianshui City,Gansu,China,34.415,104.92,01.24.2020,01.30.2020,02.02.2020,fever
5128.0,39,female,Maiji District Tianshui City,Gansu,China,35.48,106.1453,01.30.2020,01.30.2020,02.02.2020,fever
5129.0,46,female,Qinzhou District Tianshui City,Gansu,China,34.40163,104.92,01.28.2020,01.30.2020,02.02.2020,chills; fatigue
8916.0,38,female,Longxi County Dingxi City,Gansu,China,35.10665,104.92,01.21.2020,02.04.2020,02.07.2020,fever; dry mouth; throat discomfort
8922.0,55,female,Maiji District Tianshui City,Gansu,China,34.415,106.1453,01.29.2020,01.31.2020,02.08.2020,pharyngeal discomfort
6442.0,69,male,Chengguan District Lanzhou City,Gansu,China,36.07809,104.92,01.28.2020,01.28.2020,02.04.2020,fatigue
8927.0,33,female,Huating County Pingliang City,Gansu,China,35.20198,104.92,01.29.2020,02.07.2020,02.09.2020,fever
8933.0,53,female,Gannan Prefecture,Gansu,China,34.33256,104.92,02.04.2020,02.11.2020,02.12.2020,dry throat; dry cough
8934.0,34,female,Huating County Pingliang City,Gansu,China,35.48,106.5993,02.10.2020,02.11.2020,02.13.2020,fever
8937.0,57,male,Chengguan District Lanzhou City,Gansu,China,36.07809,103.8756,02.07.2020,02.14.2020,02.16.2020,cough; fever
8929.0,27,female,Chengguan District Lanzhou City,Gansu,China,36.04074,107.6714,02.03.2020,02.06.2020,02.09.2020,fever
8925.0,46,female,Chengguan District Lanzhou City,Gansu,China,36.12968,103.51899999999999,02.05.2020,02.07.2020,02.08.2020,fever
8924.0,1,female,Huating County Pingliang City,Gansu,China,35.20198,106.5993,01.30.2020,02.07.2020,02.08.2020,diarrhea
8923.0,27,female,Huating County Pingliang City,Gansu,China,35.48,106.5993,02.01.2020,02.04.2020,02.08.2020,fever
8928.0,23,male,Zhuanglang County Pingliang City,Gansu,China,35.25054,104.92,02.06.2020,02.08.2020,02.09.2020,cough; sputum; fever
12037.0,52,female,Qilihe District Lanzhou City,Gansu,China,35.96467,104.92,01.25.2020,01.27.2020,01.30.2020,dry cough
12034.0,57,male,Chengguan District Lanzhou City,Gansu,China,36.07809,103.8756,02.07.2020,02.14.2020,02.16.2020,fever
12038.0,41,male,Chengguan District Lanzhou City,Gansu,China,36.07809,103.8756,01.16.2020,01.27.2020,01.30.2020,cough; sore body; cold
100.0,65,female,Shenzhen City,Guangdong,China,22.65389,114.1291,01.03.2020,01.10.2020,01.21.2020,cough; fever; weakness
122.0,66,female,Shenzhen City,Guangdong,China,22.16925,113.361,01.13.2020,01.19.2020,01.21.2020,cough
104.0,37,female,Shenzhen City,Guangdong,China,22.53,114.1291,01.02.2020,01.11.2020,01.21.2020,diarrhea; fever; nasal congestion; pleuritic chest pain; sore throat
103.0,63,female,Shenzhen City,Guangdong,China,22.53,114.1291,01.08.2020,01.15.2020,01.21.2020,anhelation; cough; fever; pleural effusion; weakness
101.0,36,male,Shenzhen City,Guangdong,China,22.65389,114.1291,01.01.2020,01.11.2020,01.21.2020,cough; diarrhea; fever; rhinorrhoea; sneezing
99.0,66,male,Shenzhen City,Guangdong,China,22.65389,114.1291,01.04.2020,01.10.2020,01.19.2020,cough
91.0,40,male,Foshan City,Guangdong,China,22.53,114.00,01.10.2020,01.20.2020,01.22.2020,cough; dizziness
5199.0,47,male,Fangchenggang City,Guangxi,China,21.88401,107.9967,01.26.2020,01.31.2020,02.02.2020,fever; dry cough; fatigue
6512.0,62,male,Fangchenggang City,Guangxi,China,21.88401,107.9967,01.29.2020,02.01.2020,02.04.2020,fever; fatigue
11927.0,52,female,Fangchenggang City,Guangxi,China,21.88401,107.9967,01.16.2020,01.29.2020,02.03.2020,chest tightness; fatigue
9152.0,60,male,Fangchenggang City,Guangxi,China,21.88401,107.9967,01.28.2020,02.04.2020,02.07.2020,fever
6513.0,60,female,Fangchenggang City,Guangxi,China,21.88401,107.9967,02.02.2020,02.03.2020,02.05.2020,fever; sore throat;fatigue;vomiting
9181.0,38,female,Fangchenggang City,Guangxi,China,21.88401,107.9967,01.28.2020,01.28.2020,01.30.2020,fever; fatigue
6514.0,45,female,Fangchenggang City,Guangxi,China,21.88401,108.41,01.30.2020,02.03.2020,02.05.2020,cough
11926.0,62,male,Fangchenggang City,Guangxi,China,21.88401,107.9967,01.25.2020,01.29.2020,02.03.2020,fever; fatigue
11911.0,10,male,Fangchenggang City,Guangxi,China,21.88401,108.41,02.07.2020,02.08.2020,02.09.2020,fever
9180.0,65,male,Fangchenggang City,Guangxi,China,21.88401,108.41,01.13.2020,01.28.2020,01.30.2020,fever
150.0,34,male,Guilin City,Guangxi,China,25.35865,110.5145,01.19.2020,01.22.2020,01.24.2020,cough; fever
6511.0,54,female,Fangchenggang City,Guangxi,China,22.56,107.9967,01.30.2020,02.01.2020,02.04.2020,fever;sore throat; fatigue; diarrhea
166.0,61,male,Yulin City,Guangxi,China,22.44296,110.182,01.21.2020,01.22.2020,01.24.2020,fever
148.0,46,male,Fangchenggang City,Guangxi,China,23.481720000000003,108.41,01.20.2020,01.21.2020,01.22.2020,fever
147.0,49,male,Liuzhou City,Guangxi,China,24.95009,108.41,01.21.2020,01.21.2020,01.22.2020,fever
956.0,47,female,Fangchenggang City,Guangxi,China,21.88401,108.41,01.23.2020,01.25.2020,01.26.2020,fever; fatigue; dry cough
152.0,72,female,Beihai City,Guangxi,China,21.676660000000002,109.32799999999999,01.19.2020,01.19.2020,01.24.2020,fever; weak
153.0,20,female,Beihai City,Guangxi,China,21.676660000000002,108.41,01.22.2020,01.22.2020,01.24.2020,fever
154.0,54,male,Fangchenggang City,Guangxi,China,21.676660000000002,109.32799999999999,01.22.2020,01.22.2020,01.24.2020,cough; fever
146.0,62,female,Beihai City,Guangxi,China,22.56,109.32799999999999,01.09.2020,01.21.2020,01.22.2020,cough; fever
145.0,63,male,Fangchenggang City,Guangxi,China,21.676660000000002,108.41,01.14.2020,01.21.2020,01.22.2020,fever
11970.0,44,female,Fangchenggang City,Guangxi,China,21.88401,107.9967,01.22.2020,01.27.2020,01.28.2020,cough; fever
155.0,33,female,Fangchenggang City,Guangxi,China,22.56,106.2863,01.19.2020,01.21.2020,01.24.2020,fever
156.0,49,female,Hechi City,Guangxi,China,24.64574,107.8409,01.21.2020,01.22.2020,01.24.2020,chest distress; cough; expectoration; muscular soreness
162.0,33,male,Hechi City,Guangxi,China,24.64574,107.8409,01.19.2020,01.21.2020,01.24.2020,cough; headache
163.0,2,female,Hechi City,Guangxi,China,22.56,107.8409,01.22.2020,01.23.2020,01.24.2020,fever; sneeze
151.0,41,male,Guilin City,Guangxi,China,25.35865,110.5145,01.20.2020,01.23.2020,01.24.2020,fever
164.0,29,male,Fangchenggang City,Guangxi,China,21.88401,107.9967,01.23.2020,01.23.2020,01.24.2020,discomfort
165.0,62,male,Fangchenggang City,Guangxi,China,21.88401,107.9967,01.15.2020,01.23.2020,01.24.2020,fever
11971.0,55,female,Fangchenggang City,Guangxi,China,22.56,107.9967,01.22.2020,01.26.2020,01.28.2020,fever; nasal congestion; runny nose; sore throat; cough
167.0,20,male,Tongren City,Guizhou,China,26.43055,107.1928,01.18.2020,01.18.2020,01.22.2020,discomfort
169.0,50,female,Tongren City,Guizhou,China,27.30,107.14,01.14.2020,01.21.2020,01.22.2020,discomfort
8489.0,68,male,Zunyi City,Guizhou,China,28.171429999999997,107.0848,01.31.2020,02.03.2020,02.07.2020,nausea; vomiting
11550.0,5,male,Nakafurano,Hokkaido,Japan,43.4115473,142.3833135,02.15.2020,02.19.2020,02.21.2020,fever 37.7 C
11551.0,5,male,Nakafurano,Hokkaido,Japan,43.4115473,142.3833135,02.18.2020,02.19.2020,02.21.2020,fever 37.7 C
12576.0,34,male,Okhotsk,Hokkaido,Japan,43.09,144.260889,02.17.2020,02.24.2020,02.27.2020,sore throat; fever (38-39 C)
12554.0,74,female,Shinhidaka,Hokkaido,Japan,42.4384206,142.3325668,02.17.2020,02.24.2020,02.26.2020,fever (38-39 C); malaise
4109.0,39,male,Hong Kong,Hong Kong,China,22.38074,114.1324,01.19.2020,01.30.2020,02.01.2020,cough; fever
1085.0,64,male,Hong Kong,Hong Kong,China,22.38074,114.1324,01.24.2020,01.25.2020,01.26.2020,fever
9670.0,51,male,Tsing Yi,Hong Kong,China,22.36,114.15,02.03.2020,02.10.2020,02.12.2020,fever
9672.0,67,female,Quarry Bay,Hong Kong,China,22.2859106,114.20686780000001,01.31.2020,02.12.2020,02.13.2020,chills; cough; fever
9673.0,37,male,Wan Chai,Hong Kong,China,22.36,114.16524809999999,02.08.2020,02.12.2020,02.13.2020,fever
7670.0,60,male,Lam Tin,Hong Kong,China,22.36,114.234404,01.22.2020,01.30.2020,02.04.2020,fever; myalgia; shortness of breath
11865.0,96,female,Hong Kong,Hong Kong,China,22.2826304,114.18812109999999,02.13.2020,02.22.2020,02.22.2020,fever; cough
3052.0,72,male,Hong Kong,Hong Kong,China,22.38074,114.1324,01.25.2020,01.29.2020,01.28.2020,fever
1084.0,68,female,Hong Kong,Hong Kong,China,22.36,114.1324,01.21.2020,01.25.2020,01.26.2020,cough; fever
3681.0,37,female,Hong Kong,Hong Kong,China,22.38074,114.15,01.28.2020,01.30.2020,01.31.2020,cough
3682.0,75,male,Hong Kong,Hong Kong,China,22.38074,114.1324,01.22.2020,01.24.2020,01.31.2020,cough; dyspnea
4903.0,80,male,New Territories,Hong Kong,China,22.406999999999996,114.12200000000001,01.19.2020,01.30.2020,02.01.2020,cough; fever
5161.0,72,female,Block 1 Site 11 Whampao Garden,Hong Kong,China,22.304412699999997,114.1870613,02.01.2020,02.01.2020,02.02.2020,cough
3053.0,73,female,Hong Kong,Hong Kong,China,22.38074,114.1324,01.25.2020,01.29.2020,01.28.2020,fever
12545.0,60,Female,Hong Kong,Hong Kong,China,22.38074,114.1324,02.12.2020,02.24.2020,02.24.2020,cough
6353.0,64,female,Kowloon,Hong Kong,China,22.319751,114.18611999999999,01.23.2020,02.01.2020,02.04.2020,fever